title,description,state,lga,status,incidentDate,incidentTime,lat,lng,description_with_more_context,is_duplicate
"NANS Southwest PRO, Pregnant Wife Escape Death As Armed Thugs Invade Lagos Home","Armed thugs invaded the home of the NANS Southwest Zone PRO and his pregnant wife in Lagos, but they escaped unharmed.",Lagos,Ikeja,Medium,2025-10-07,21:41,,,"In a shocking incident underscoring the escalating security challenges in Lagos State, the Public Relations Officer of the National Association of Nigerian Students (NANS) Southwest Zone, along with his pregnant wife, narrowly escaped death when armed thugs stormed their residence. The attack occurred late in the evening, with the intruders reportedly forcing entry and ransacking the home in search of valuables. Eyewitnesses and family members described the scene as terrifying, with the couple hiding until the assailants fled. No arrests have been made, and police have launched an investigation. This event highlights the growing brazenness of armed robberies and home invasions in urban areas of Western Nigeria, where economic hardships and inadequate policing have fueled a rise in violent crimes. Local residents have expressed fear over their safety, calling for enhanced security measures. Similar incidents have been reported across Lagos in recent months, contributing to a sense of insecurity among citizens. The NANS official, known for his advocacy on student rights, stated that the attack may be linked to his activism, though authorities have not confirmed this. This case adds to the broader narrative of criminal activities plaguing the region, including kidnappings and robberies, prompting calls for federal intervention.",
Gunshots and Chaos on Lagos Third Mainland Bridge Cause Multiple Accidents,"Reports of gunshots on the Third Mainland Bridge in Lagos led to panic, vehicle swerves, and several minor accidents during rush hour.",Lagos,Eti-Osa,High,2025-10-07,17:00,,,"Social media reports indicate a tense situation unfolded on Lagos' iconic Third Mainland Bridge around 5 PM when unidentified individuals allegedly fired shots into traffic, causing drivers to swerve in panic and resulting in multiple minor accidents. The incident reportedly began after soldiers blocked the bridge, and upon clearing it, gunfire erupted, leading to chaos among commuters heading home. At least three separate accidents were noted, with no confirmed fatalities but several vehicles damaged and minor injuries reported. Eyewitnesses described hearing shots and seeing people fleeing their cars in fear. Police and military personnel were present but did not immediately clarify the source of the gunfire, with some speculating it could be related to ongoing security operations or criminal activity. This event exacerbates concerns about public safety on one of Nigeria's busiest thoroughfares, where armed robberies and sporadic violence have been recurrent issues. Commuters have demanded better lighting, patrols, and surveillance to prevent such scares. In the context of Western Nigeria's security landscape, this incident reflects the intersection of routine traffic enforcement and underlying criminal elements, contributing to widespread anxiety in Lagos. Authorities have yet to issue an official statement, but social media buzz highlights the rapid spread of fear in urban centers.",
"Bandits Kill Groom, Abduct Bride and 7 Others in Zamfara",Gunmen bandits killed a groom and abducted his bride along with seven other individuals in a brazen attack in Zamfara State.,Zamfara,Gusau,High,2025-10-07,20:00,,,"The security situation in Zamfara State deteriorated further with a shocking attack by bandits who targeted a wedding party, resulting in the death of the groom and the kidnapping of the bride and seven others. This incident, reported through national media outlets like TVC News, occurred in the evening hours and has sent ripples of fear across communities in the Northwest region of Nigeria. The assailants, believed to be part of the organized bandit groups operating in the area, stormed the event armed with sophisticated weapons, executing the groom on the spot before bundling the victims into vehicles and fleeing into the surrounding forests. Such attacks on civilian gatherings are increasingly common, serving as both a means of extortion through ransoms and a demonstration of the bandits' control over territories. Zamfara, along with states like Kaduna and Katsina, has become a hotspot for banditry, with over hundreds of abductions reported in recent months. The state government and federal security agencies have been criticized for inadequate response times, allowing these criminals to operate with impunity. Families of the abducted are now bracing for ransom demands, which could run into millions of naira, further straining the already impoverished local economy. This tragedy not only shatters individual lives but also erodes social fabric, discouraging communal events and deepening isolation in affected areas. Calls for military reinforcement and intelligence-led operations are growing louder, as residents demand an end to the cycle of violence that has claimed thousands of lives and displaced many more in Northern Nigeria.",
"Gombe Police Smash Kidnapping Syndicate, Recover Weapons","Police in Gombe State dismantled a kidnapping syndicate, recovering AK-47 rifles and ammunition in a major operation against criminal elements.",Gombe,Gombe,Medium,2025-10-07,19:00,,,"In a significant blow to criminal networks in Northern Nigeria, operatives of the Gombe State Police Command successfully raided and dismantled a kidnapping syndicate operating within the state. The operation, detailed in reports from local news sources shared on social media, led to the arrest of several suspects and the recovery of dangerous weaponry, including AK-47 rifles and substantial ammunition. This syndicate was reportedly responsible for multiple abductions in rural and semi-urban areas, terrorizing communities and demanding hefty ransoms. The police action demonstrates proactive efforts by law enforcement to curb the rising tide of kidnappings, which have become intertwined with banditry and insurgency in the North. Gombe, situated in the Northeast, has faced sporadic violence linked to broader regional instability, including spillover from Boko Haram activities. The recovery of such heavy arms highlights the level of organization and armament among these groups, posing a severe threat to public safety. Authorities have commended the swift response and are interrogating the suspects to uncover wider networks, potentially leading to more arrests. This development offers a glimmer of hope to residents who have lived under the shadow of fear, but experts warn that sustained operations are needed to prevent resurgence. Community policing initiatives and collaboration with federal agencies like the DSS are being pushed to enhance security. The incident underscores the multifaceted nature of insecurity in Northern Nigeria, where kidnapping syndicates often collaborate with bandits, exacerbating communal tensions and economic disruption through fear and extortion.",
"NANS Southwest PRO, Pregnant Wife Escape Death As Armed Thugs Invade Lagos Home","Armed thugs invaded the home of the Public Relations Officer of the National Association of Nigerian Students (NANS) Southwest Zone in Lagos, but he and his pregnant wife escaped unharmed.",Lagos,Ikeja,Medium,2025-10-07,21:41,,,"In a shocking incident highlighting the rising insecurity in Lagos, armed thugs stormed the residence of the NANS Southwest PRO late in the evening. The attack occurred in a residential area of Lagos, where the victim and his pregnant wife were targeted. Eyewitnesses reported hearing gunshots and shouts as the intruders attempted to gain entry, possibly for robbery or intimidation related to student activism. Fortunately, the couple managed to evade capture by hiding and alerting neighbors and security. This event underscores the growing threat of armed criminal activities in urban centers like Lagos, where even activists and their families are not spared. Local police have launched an investigation, but no arrests have been made yet. The incident has sparked outrage among student unions, calling for enhanced security measures in the state. Such invasions contribute to the broader pattern of armed robbery and home invasions plaguing Western Nigeria, eroding public safety and trust in law enforcement. Community leaders are urging residents to remain vigilant and support collaborative efforts with police to curb these violent crimes. The escape of the victims is seen as a miracle, but it highlights the urgent need for better protection against such brazen attacks in densely populated areas.",
"Bandits Kill Groom and Abduct Bride, 7 Others in Zamfara",Gunmen bandits killed a groom and kidnapped his bride along with seven other individuals in a brazen attack in Zamfara State.,Zamfara,Gusau,High,2025-10-07,20:00,,,"In a shocking incident reported on October 7, 2025, bandits stormed a community in Zamfara State, targeting a wedding party where they shot dead the groom and abducted the bride and seven others. The attack, which occurred in the evening, has sent shockwaves through the local population, highlighting the escalating banditry plaguing the northwest region. Witnesses described the assailants as arriving on motorcycles, firing indiscriminately before making off with their captives. This event is part of a pattern of kidnappings for ransom in Zamfara, where criminal groups exploit weak security to carry out such operations. Families of the victims are in distress, with demands for ransom already circulating. The incident adds to the tally of violent crimes in the state, including recent abductions in nearby villages. Security forces have mobilized for rescue operations, but challenges in the terrain hinder swift responses. Community leaders decry the government's inadequate measures against these armed groups, which continue to terrorize civilians and disrupt social events.",
"Gombe Police Smash Kidnapping Syndicate, Recover Weapons","Police in Gombe State dismantled a kidnapping syndicate, recovering AK-47 rifles and ammunition in a major operation against criminal activities.",Gombe,Gombe,Medium,2025-10-07,19:00,,,"On October 7, 2025, operatives from the Gombe State Police Command conducted a successful raid that led to the arrest of members of a notorious kidnapping syndicate operating in the area. During the operation, authorities recovered several AK-47 rifles, ammunition, and other incriminating items, preventing potential abductions and armed robberies. The syndicate was reportedly involved in multiple kidnapping incidents targeting travelers and residents in rural parts of Gombe. This crackdown is a significant blow to organized crime in northern Nigeria, where kidnapping has become a lucrative enterprise for criminal gangs. The police stated that the suspects confessed to several crimes, including links to banditry in adjacent states like Zamfara and Kaduna. Interrogations are ongoing, with efforts to rescue any remaining victims. This action demonstrates proactive policing amid rising insecurity, though experts note that more resources are needed to sustain such efforts. Local communities have praised the operation, hoping it will deter similar groups and restore some sense of safety in the region.",
Ongoing Kidnappings and Killings in Southern Nigeria,"Reports of persistent kidnappings, killings, and herder invasions affecting inter-state travel in southern Nigeria, with references to recent police casualties.",Rivers,Port Harcourt,High,2025-10-07,22:47,,,"A social media post highlights the dire security situation in southern Nigeria, where kidnappings and killings have become routine. The user expresses frustration over the inability to travel safely between states, citing an incident where over 56 police operatives were killed in Niger State by herders who subsequently invaded nearby communities. This reflects broader concerns about escalating violence, including communal clashes and banditry, straining local security forces and civilian life in the region. The post calls for international attention, tagging US Senator Ted Cruz, underscoring the desperation amid ongoing criminal activities that disrupt daily life and economic activities in southern states.",
Kidnapping Ordeal Involving Machete Threat and Gunshots,"A dramatic account of a kidnapping attempt where the victim faced a machete-wielding leader, interrupted by external gunshots and fighting.",Delta,Warri,High,2025-10-07,18:15,,,"In a chilling narrative shared on social media, the poster describes a nighttime intrusion by armed kidnappers around 3 a.m. The leader, armed with a machete, entered the room and expressed distrust towards the victim's cousin who had negotiated their release. As the blade was raised, a phone call diverted the attacker, leading to shouting and subsequent gunshots outside, followed by silence. This incident illustrates the brazen nature of kidnapping operations in Nigeria, often involving violent confrontations and reliance on insider information. While the location isn't specified, such stories are common in southern regions plagued by cultism and armed robbery, highlighting the psychological terror inflicted on victims and the precarious role of security interventions in resolving these crimes.",
Alarming Rise in Kidnapping Incidents Across Nigeria,"Social media user laments the insane increase in kidnappings, describing it as too much and affecting public safety.",Bayelsa,Yenagoa,Medium,2025-10-07,17:17,,,"A post on X expresses shock at the escalating kidnapping cases in Nigeria, using emojis to convey distress over the frequency and impact of these crimes. The user notes that the situation has reached an 'insane' level, implying widespread fear and disruption. In the context of southern Nigeria, this aligns with reports of gunmen attacks and banditry in areas like Delta and Rivers states, where criminal groups exploit weak security to abduct individuals for ransom. Such sentiments reflect underreported violence in local communities, where communal violence and armed robberies compound the crisis, leading to calls for stronger governmental action to curb the trend that threatens social stability and economic progress in the region.",
"NANS Southwest PRO, Pregnant Wife Escape Death As Armed Thugs Invade Lagos Home","Armed thugs invaded the residence of the Public Relations Officer of the National Association of Nigerian Students (NANS) Southwest Zone in Lagos, but the official and his pregnant wife narrowly escaped unharmed.",Lagos,Ikeja,Medium,2025-10-07,21:41,,,"In a disturbing incident highlighting rising insecurity in Lagos, armed thugs stormed the home of Comrade Oluwafemi Adeyemi, the PRO of NANS Southwest Zone, late in the evening. The attack occurred in a residential area of Lagos, where the assailants, believed to be involved in a targeted invasion possibly linked to student activism or personal disputes, forced entry into the property. Eyewitnesses reported hearing shouts and commotion as the family fled through a back exit, avoiding direct confrontation. No arrests have been made, and police have launched an investigation. This event underscores the growing concerns over armed robberies and home invasions in urban centers like Lagos, where even activists and public figures are not spared. Local residents have called for enhanced security patrols to prevent such brazen attacks. The incident has sparked outrage among student unions, who are demanding swift justice and better protection for members. While no injuries were reported, the psychological impact on the family, especially with a pregnant wife involved, is significant. This fits into a broader pattern of violent crimes in Western Nigeria, including armed robberies that have escalated in recent months, contributing to public fear and calls for governmental intervention in improving law enforcement response times.",
